Code;Libellé;Libellé ticket de caisse;Famille;Marque;Prix d'achat HT;Prix de vente HT;Tva;Prix de vente TTC;Quantité;Poids (Kg);Unité;Désignation;Observations;Quantité d'Alerte
ART0369;AVRAN OZFOOD 20X250ML;;SNACK;;90.1000;103.6000;6.0000;109.8200;0;;;AVRAN OZFOOD 20X250ML;;
ART0439;KETCHUP PAUWELS 10L;;SNACK;;87.9000;23.4906;6.0000;24.9000;0;;;KETCHUP PAUWELS 10L;;
ART0455;PAIN HAMBURGER NUMBER ONE 24 X 826;;SNACK;;63.3000;72.8000;6.0000;77.1700;0;;;PAIN HAMBURGER NUMBER ONE 24 X 826;;
ART0509;VIANDE POULET BEY SKG;;SNACK;;62.3000;71.6000;6.0000;75.9000;0;;;VIANDE POULET BEY SKG;;
ART0438;KETCHUP OZFOOD 6L;;SNACK;;61.8000;71.1000;6.0000;75.3700;0;;;KETCHUP OZFOOD 6L;;
ART0382;CAROTTES RAPÉES VICTORIA 4 KG;;SNACK;;40.6000;46.7000;6.0000;49.5000;0;;;CAROTTES RAPÉES VICTORIA 4 KG;;
ART0457;PAIN HAMBURGER PASTRIDOR 30 PIECES 11.8CM/776R2127;;SNACK;;39.6000;45.5000;6.0000;48.2300;0;;;PAIN HAMBURGER PASTRIDOR 30 PIECES 11.8CM/776R2127;;
ART0376;BRAZIL 3 KG PAUWELS;;SNACK;;35.8000;41.2000;6.0000;43.6700;0;;;BRAZIL 3 KG PAUWELS;;
ART0429;HUILE D'OLIVE 1L BINGOIL;;SNACK;;29.2000;33.6000;6.0000;35.6200;0;;;HUILE D'OLIVE 1L BINGOIL;;
ART0415;FRITES BELGES 12/12 4X2.5KG LUTOSA;;SNACK;;28.5000;32.8000;6.0000;34.7700;0;;;FRITES BELGES 12/12 4X2.5KG LUTOSA;;
ART0377;BROCHETTE DE DINDE PRO HALAL 21 X 135G VAN REUSEL;;SNACK;;25.5000;29.3000;6.0000;31.0600;0;;;BROCHETTE DE DINDE PRO HALAL 21 X 135G VAN REUSEL;;
ART0402;FALAFEL 1KG;;SNACK;;23.0000;26.4000;6.0000;27.9800;0;;;FALAFEL 1KG;;
ART0401;ESSUIE-TOUT BLANC;;EMBALLAGE;;21.3000;24.5000;21.0000;29.6400;0;;;ESSUIE-TOUT BLANC;;
ART0459;PAIN TORTILLA COMPANY FRAIS GX18PC;;SNACK;;19.8000;22.7000;6.0000;24.0600;0;;;PAIN TORTILLA COMPANY FRAIS GX18PC;;
ART0508;VIANDE POULET BEY 7KG;;SNACK;;18.5000;21.2000;6.0000;22.4700;0;;;VIANDE POULET BEY 7KG;;
ART0413;FRITE SAUCE BOX 5 LIT ANDA;;SNACK;;14.0000;16.1000;6.0000;17.0700;0;;;FRITE SAUCE BOX 5 LIT ANDA;;
ART0416;FROMAGE MIX 2KG;;SNACK;;13.4000;15.4000;6.0000;16.3200;0;;;FROMAGE MIX 2KG;;
ART0361;ALUMINIUM BAK 911CC 10X100ST;;EMBALLAGE;;10.0000;11.5000;21.0000;13.9200;0;;;ALUMINIUM BAK 911CC 10X100ST;;
ART0471;RIETJES KARTON ZWART 6/250MM -20*250ST;;EMBALLAGE;;75.0000;86.3000;21.0000;104.4200;0;;;RIETJES KARTON ZWART 6/250MM -20*250ST;;
ART0360;ALUMINIUM BAK 450CC 10*100ST;;EMBALLAGE;;65.0000;74.8000;21.0000;90.5100;0;;;ALUMINIUM BAK 450CC 10*100ST;;
ART0372;BIODORE FRIET VORK HOUT 85MM 10X1000ST/DOOS;;EMBALLAGE;;65.0000;74.8000;21.0000;90.5100;0;;;BIODORE FRIET VORK HOUT 85MM 10X1000ST/DOOS;;
ART0421;HANDSCHOENEN M;;EMBALLAGE;;64.0000;73.6000;21.0000;89.0600;0;;;HANDSCHOENEN M;;
ART0363;ALUMINIUM FOLIE 1400GR 14MIC 30CM DOOS/6ROL;;EMBALLAGE;;50.0000;57.5000;21.0000;69.5800;0;;;ALUMINIUM FOLIE 1400GR 14MIC 30CM DOOS/6ROL;;
ART0419;HAMBURGER BOX KRAFT 4*100ST;;EMBALLAGE;;45.0000;51.8000;21.0000;62.6800;0;;;HAMBURGER BOX KRAFT 4*100ST;;
ART0366;AMERICAINE MAISON LA WILLIAM 9.3 KG;;SNACK;;43.5000;50.0000;6.0000;53.0000;0;;;AMERICAINE MAISON LA WILLIAM 9.3 KG;;
ART0418;GOBELET 7.50Z 2500ST;;EMBALLAGE;;40.0000;46.0000;21.0000;55.6600;0;;;GOBELET 7.50Z 2500ST;;
ART0364;AMERICAINE EXTRA 10 LIT ANDA;;SNACK;;36.2000;41.6000;6.0000;44.1000;0;;;AMERICAINE EXTRA 10 LIT ANDA;;
ART0395;COFFEE TO GO 8 OZ 200CC 1000ST/DOOS;;EMBALLAGE;;35.0000;40.3000;21.0000;48.7600;0;;;COFFEE TO GO 8 OZ 200CC 1000ST/DOOS;;
ART0358;ALGÉRIENNE OZ FOOD 10L;;SNACK;;30.0000;34.5000;6.0000;36.5700;0;;;ALGÉRIENNE OZ FOOD 10L;;
ART0397;DRESSING BOXX 50CC PP 1000ST;;EMBALLAGE;;30.0000;34.5000;21.0000;41.7400;0;;;DRESSING BOXX 50CC PP 1000ST;;
ART0398;DRESSINGBOXX TRANSP 30CC 20X50ST;;EMBALLAGE;;30.0000;34.5000;21.0000;41.7400;0;;;DRESSINGBOXX TRANSP 30CC 20X50ST;;
ART0417;GOBELET 1000 X 200ML WHITE;;EMBALLAGE;;30.0000;34.5000;21.0000;41.7400;0;;;GOBELET 1000 X 200ML WHITE;;
ART0400;EMBALLAGE FRACANDELLE 7W;;EMBALLAGE;;28.0000;32.2000;21.0000;38.9600;0;;;EMBALLAGE FRACANDELLE 7W;;
ART0375;BRASIL 10L PAUWELS;;SNACK;;27.8000;32.0000;6.0000;33.9200;0;;;BRASIL 10L PAUWELS;;
ART0463;PICKNICKER POISSON 24X110 GR MORA;;SNACK;;27.8000;32.0000;6.0000;33.9200;0;;;PICKNICKER POISSON 24X110 GR MORA;;
ART0367;ANDALOUSE CHEF 10L PAUWELS;;SNACK;;26.6000;30.6000;6.0000;32.4400;0;;;ANDALOUSE CHEF 10L PAUWELS;;
ART0481;SAMOURAI PAUWELS 10L;;SNACK;;26.0000;29.9000;6.0000;31.6900;0;;;SAMOURAI PAUWELS 10L;;
ART0511;VORK CLASSIC WIT 16CM-2.1GR 20X100ST YOUPLAST;;EMBALLAGE;;25.0000;28.8000;21.0000;34.8500;0;;;VORK CLASSIC WIT 16CM-2.1GR 20X100ST YOUPLAST;;
ART0368;APERIO STICK 15P HALAL HOFKIP;;SNACK;;24.9000;28.6000;6.0000;30.3200;0;;;APERIO STICK 15P HALAL HOFKIP;;
ART0464;PISTÓLETZAK P2;;EMBALLAGE;;24.0000;27.6000;21.0000;33.4000;0;;;PISTÓLETZAK P2;;
ART0465;PISTOLETZAK P4;;EMBALLAGE;;24.0000;27.6000;21.0000;33.4000;0;;;PISTOLETZAK P4;;
ART0410;FISHBURGER 24 X 85 GR MORA;;SNACK;;22.5000;25.9000;6.0000;27.4500;0;;;FISHBURGER 24 X 85 GR MORA;;
ART0466;PITTA 10LIT PAUWELS;;SNACK;;22.5000;25.9000;6.0000;27.4500;0;;;PITTA 10LIT PAUWELS;;
ART0362;ALUMINIUM BAK 911CC DEKSEL;;EMBALLAGE;;22.0000;25.3000;21.0000;30.6100;0;;;ALUMINIUM BAK 911CC DEKSEL;;
ART0391;COCA COLA 30 X0.33L;;BOISSON;;20.0000;20.0000;6.0000;21.2000;0;;;COCA COLA 30 X0.33L;;
ART0501;TOILETPAPIER MIN JUMBO TO10 TIS (12*180M);;EMBALLAGE;;22.0000;25.3000;21.0000;30.6100;0;;;TOILETPAPIER MIN JUMBO TO10 TIS (12*180M);;
ART0506;VERSHOUDFOLIE 45CM - 250M MY 4 ROL - LILA;;EMBALLAGE;;22.0000;25.3000;21.0000;30.6100;0;;;VERSHOUDFOLIE 45CM - 250M MY 4 ROL - LILA;;
ART0507;VIANDE POULET BEY 5KG;;SNACK;;21.6000;24.8000;6.0000;26.2900;0;;;VIANDE POULET BEY 5KG;;
ART0496;STICKY DRUMSTICKS 3X5 STICKS 2.8KG LOTTY;;SNACK;;21.3000;24.5000;6.0000;25.9700;0;;;STICKY DRUMSTICKS 3X5 STICKS 2.8KG LOTTY;;
ART0357;AA DRINK 24 X0.33L;;BOISSON;;19.0000;19.0000;6.0000;20.1400;0;;;AA DRINK 24 X0.33L;;
ART0414;FRITE SAUCE VERTE 10 LIT ANDA;;SNACK;;19.0000;21.9000;6.0000;23.2100;0;;;FRITE SAUCE VERTE 10 LIT ANDA;;
ART0389;CHIXCORN HALAL 26X80G MEKKAFOOD;;SNACK;;18.7000;21.5000;6.0000;22.7900;0;;;CHIXCORN HALAL 26X80G MEKKAFOOD;;
ART0399;DURUM ANTALYA 30CM 6 X 18PC;;SNACK;;18.4000;21.2000;6.0000;22.4700;0;;;DURUM ANTALYA 30CM 6 X 18PC;;
ART0504;ULUDAG 24X0.33L CANETTE;;BOISSON;;16.0000;16.0000;6.0000;16.9600;0;;;ULUDAG 24X0.33L CANETTE;;
ART0505;VERSHOUDFOLIE 30CMX250M 4 ROL-LILA;;EMBALLAGE;;18.0000;20.7000;21.0000;25.0500;0;;;VERSHOUDFOLIE 30CMX250M 4 ROL-LILA;;
ART0388;CHIXCHICKENCORN 36X80GR OZFOOD HALAL;;SNACK;;17.9000;20.6000;6.0000;21.8400;0;;;CHIXCHICKENCORN 36X80GR OZFOOD HALAL;;
ART0430;ICE TEA GREEN 24X0.33L;;BOISSON;;17.0000;14.8000;6.0000;15.6880;0;;;ICE TEA GREEN 24X0.33L;;
ART0431;ICE TEA ORIGINAL 24X0.33L;;BOISSON;;17.0000;14.2500;6.0000;15.1050;0;;;ICE TEA ORIGINAL 24X0.33L;;
ART0503;TROPICO ORIGINAL ORANGE-ANANAS 24 x 0.33L;;BOISSON;;16.5000;14.0000;6.0000;14.8400;0;;;TROPICO ORIGINAL ORANGE-ANANAS 24 x 0.33L;;
ART0472;ROSTOY BOC. ANANAS 24X0.20L;;BOISSON;;16.0000;15.0000;6.0000;15.9000;0;;;ROSTOY BOC. ANANAS 24X0.20L;;
ART0475;ROSTOY MANGUE CANETTE 24X0.33L;;BOISSON;;16.0000;15.2000;6.0000;16.1120;0;;;ROSTOY MANGUE CANETTE 24X0.33L;;
ART0476;ROSTOY MULTIVITAMINE 24X0.20L;;BOISSON;;16.0000;15.0000;6.0000;15.9000;0;;;ROSTOY MULTIVITAMINE 24X0.20L;;
ART0479;ROSTOY PECHE CANETTE 24X0.33L;;BOISSON;;16.0000;15.0000;6.0000;15.9000;0;;;ROSTOY PECHE CANETTE 24X0.33L;;
ART0512;ZAKKEN OP ROL 24+12*46CM;;EMBALLAGE;;16.0000;18.4000;21.0000;22.2600;0;;;ZAKKEN OP ROL 24+12*46CM;;
ART0434;ICE TEA PEACHE 24 x 0.33L;;BOISSON;;15.5000;14.8000;6.0000;15.6880;0;;;ICE TEA PEACHE 24 x 0.33L;;
ART0449;OASIS CASSIS 24 x 0.33 L;;BOISSON;;15.5000;14.5000;6.0000;15.3700;0;;;OASIS CASSIS 24 x 0.33 L;;
ART0451;OASIS ICE TEA PECHE 24X0.33L;;BOISSON;;15.5000;14.5000;6.0000;15.3700;0;;;OASIS ICE TEA PECHE 24X0.33L;;
ART0453;OASIS TROPICAL 24 x 0.33L;;BOISSON;;15.5000;14.5000;6.0000;15.3700;0;;;OASIS TROPICAL 24 x 0.33L;;
ART0458;PAIN PANINI 40X170GR PASTRIDOR (1547);;SNACK;;15.1000;17.4000;6.0000;18.4400;0;;;PAIN PANINI 40X170GR PASTRIDOR (1547);;
ART0422;HAWAI ANANAS MAROC 24X0.25L;;BOISSON;;15.0000;14.7500;6.0000;15.6350;0;;;HAWAI ANANAS MAROC 24X0.25L;;
ART0425;HAWAI TROPICAL MAROC 24X0.25L;;BOISSON;;15.0000;14.8000;6.0000;15.6880;0;;;HAWAI TROPICAL MAROC 24X0.25L;;
ART0461;PERRIER 24 x 0.33L;;BOISSON;;15.0000;15.0000;6.0000;15.9000;0;;;PERRIER 24 x 0.33L;;
ART0469;POMS MAROC 24X0.25L;;BOISSON;;15.0000;14.3000;6.0000;15.1580;0;;;POMS MAROC 24X0.25L;;
ART0473;ROSTOY BOC. ORANGE 24X0.20L;;BOISSON;;15.0000;15.0000;6.0000;15.9000;0;;;ROSTOY BOC. ORANGE 24X0.20L;;
ART0474;ROSTOY MANGO BOC. 24X0.20L;;BOISSON;;15.0000;15.0000;6.0000;15.9000;0;;;ROSTOY MANGO BOC. 24X0.20L;;
ART0485;SCHWEPPES TONIC 24 X0.33L;;BOISSON;;15.0000;14.1100;6.0000;14.9566;0;;;SCHWEPPES TONIC 24 X0.33L;;
ART0383;CASSE PAPIER 25/30H 10KG;;EMBALLAGE;;14.5000;16.7000;21.0000;20.2100;0;;;CASSE PAPIER 25/30H 10KG;;
ART0384;CASSE PAPIER 30/40C 10KG;;EMBALLAGE;;14.5000;16.7000;21.0000;20.2070;0;;;CASSE PAPIER 30/40C 10KG;;
ART0385;CASSE PAPIER 45/50C 10KG;;EMBALLAGE;;14.5000;16.7000;21.0000;20.2070;0;;;CASSE PAPIER 45/50C 10KG;;
ART0407;FANTA ORANGE 24X0.33L;;BOISSON;;14.5000;16.7000;6.0000;17.7000;0;;;FANTA ORANGE 24X0.33L;;
ART0433;ICE TEA PEACH 24X0.33L;;BOISSON;;14.5000;14.5000;6.0000;15.3700;0;;;ICE TEA PEACH 24X0.33L;;
ART0374;BOULETTE HALAL 24X140GR OZFOOD VAN REUSEL;;SNACK;;14.3000;16.4000;6.0000;17.3800;0;;;BOULETTE HALAL 24X140GR OZFOOD VAN REUSEL;;
ART0483;SCHWEPPES LEMON 24 x 0.33L;;BOISSON;;14.3000;14.5000;6.0000;15.3700;0;;;SCHWEPPES LEMON 24 x 0.33L;;
ART0484;SCHWEPPES MOJITO 24 x 0.33L;;BOISSON;;14.3000;14.5000;6.0000;15.3700;0;;;SCHWEPPES MOJITO 24 x 0.33L;;
ART0392;COCA COLA REG.CHERRY 24X0.33L;;BOISSON;;14.0000;14.8000;6.0000;15.6880;0;;;COCA COLA REG.CHERRY 24X0.33L;;
ART0440;LOOZA ACE 24 x 0.2L;;BOISSON;;14.0000;16.1000;6.0000;17.0700;0;;;LOOZA ACE 24 x 0.2L;;
ART0441;LOOZA FRAISE 24 x 0.2L;;BOISSON;;14.0000;16.1000;6.0000;17.0700;0;;;LOOZA FRAISE 24 x 0.2L;;
ART0442;LOOZA MANGO 24 x 0.2L;;BOISSON;;14.0000;16.1000;6.0000;17.0700;0;;;LOOZA MANGO 24 x 0.2L;;
ART0443;LOOZA PEACH 24 x 0.2L;;BOISSON;;14.0000;16.1000;6.0000;17.0700;0;;;LOOZA PEACH 24 x 0.2L;;
ART0462;PERRIER 24 x 0.5L;;BOISSON;;14.0000;14.8000;6.0000;15.6880;0;;;PERRIER 24 x 0.5L;;
ART0480;SALAD KRAFT 1300ML 300ST/DS COMBI;;EMBALLAGE;;14.0000;16.1000;21.0000;19.4800;0;;;SALAD KRAFT 1300ML 300ST/DS COMBI;;
ART0482;SCHWEPPES AGRUMES 24 x 0.33L;;BOISSON;;14.0000;14.5000;6.0000;15.3700;0;;;SCHWEPPES AGRUMES 24 x 0.33L;;
ART0487;SERVETTEN WIT 1LG 9 PACK;;EMBALLAGE;;14.0000;16.1000;21.0000;19.4800;0;;;SERVETTEN WIT 1LG 9 PACK;;
ART0489;SIMON LIFE MANDARINE 24X0.33L;;BOISSON;;14.0000;13.2200;6.0000;14.0132;0;;;SIMON LIFE MANDARINE 24X0.33L;;
ART0492;SIMON ORANGE 24X0.33L;;BOISSON;;14.0000;13.2300;6.0000;14.0238;0;;;SIMON ORANGE 24X0.33L;;
ART0450;OASIS FRAISE FRAMBOISE  24X0,33L;;BOISSON;;13.5000;14.5000;6.0000;15.3700;0;;;OASIS FRAISE FRAMBOISE  24X0,33L;;
ART0452;OASIS POMME POIRE  24X0,33L;;BOISSON;;13.5000;14.8000;6.0000;15.6880;0;;;OASIS POMME POIRE  24X0,33L;;
ART0408;FANTA ORANGE 6 x 1.5L;;BOISSON;;13.0000;10.2000;6.0000;10.8120;0;;;FANTA ORANGE 6 x 1.5L;;
ART0424;HAWAI TROPICAL ESPAGNE 24 X0.33L;;BOISSON;;13.0000;14.0000;6.0000;14.8400;0;;;HAWAI TROPICAL ESPAGNE 24 X0.33L;;
ART0428;HEMDRAAGTAS 25+12+55CM 50 MICRON BIO;;EMBALLAGE;;13.0000;15.0000;21.0000;18.1500;0;;;HEMDRAAGTAS 25+12+55CM 50 MICRON BIO;;
ART0468;POMS ESPAGNE 24 X0.33L;;BOISSON;;13.0000;14.0000;6.0000;14.8400;0;;;POMS ESPAGNE 24 X0.33L;;
ART0493;SPA PETILLANTE 24x0.5L;;BOISSON;;13.0000;14.0000;6.0000;14.8400;0;;;SPA PETILLANTE 24x0.5L;;
ART0495;SPRITE 6 x 1.5L BE;;BOISSON;;13.0000;10.6000;6.0000;11.2360;0;;;SPRITE 6 x 1.5L BE;;
ART0502;TROPICO 24 x 0.33L;;BOISSON;;13.0000;14.8000;6.0000;15.6880;0;;;TROPICO 24 x 0.33L;;
ART0494;SPA REINE 24 x 0.50L;;BOISSON;;12.5000;11.2000;6.0000;11.8720;0;;;SPA REINE 24 x 0.50L;;
ART0390;COCA 12 x 0.5L;;BOISSON;;12.0000;12.1000;6.0000;12.8260;0;;;COCA 12 x 0.5L;;
ART0393;COCA ZERO 12 X0.50L;;BOISSON;;12.0000;13.1000;6.0000;13.8860;0;;;COCA ZERO 12 X0.50L;;
ART0412;FRISTI 12X0.25L;;BOISSON;;12.0000;13.8000;6.0000;14.6300;0;;;FRISTI 12X0.25L;;
ART0423;HAWAI TROPICAL ESPAGNE 12 X0.5L;;BOISSON;;12.0000;11.2000;6.0000;11.8720;0;;;HAWAI TROPICAL ESPAGNE 12 X0.5L;;
ART0427;HEMDRAAGTAS 25+12+48CM 50 MICRON BIO;;EMBALLAGE;;12.0000;13.8000;21.0000;16.7000;0;;;HEMDRAAGTAS 25+12+48CM 50 MICRON BIO;;
ART0460;PEPSI MAX 24X0.33L;;BOISSON;;12.0000;12.0200;6.0000;12.7412;0;;;PEPSI MAX 24X0.33L;;
ART0467;POMS ESPAGNE 12 X0.5L;;BOISSON;;12.0000;11.8000;6.0000;12.5080;0;;;POMS ESPAGNE 12 X0.5L;;
ART0477;ROSTOY MULTIVITAMINE 6X1L;;BOISSON;;12.0000;11.0000;6.0000;11.6600;0;;;ROSTOY MULTIVITAMINE 6X1L;;
ART0478;ROSTOY PECH 6X1L;;BOISSON;;12.0000;11.2000;6.0000;11.8720;0;;;ROSTOY PECH 6X1L;;
ART0488;SIMON LIFE FRAIS 6XL.5L;;BOISSON;;12.0000;11.5000;6.0000;12.1900;0;;;SIMON LIFE FRAIS 6XL.5L;;
ART0490;SIMON LIFE MANGE 6XL.5L;;BOISSON;;12.0000;11.5000;6.0000;12.1900;0;;;SIMON LIFE MANGE 6XL.5L;;
ART0491;SIMON LIFE ORANGE 6XL.5L;;BOISSON;;12.0000;11.8000;6.0000;12.5080;0;;;SIMON LIFE ORANGE 6XL.5L;;
ART0378;CAPRI SUN BERRIES 40X0.20L;;BOISSON;;11.5000;13.2000;6.0000;13.9900;0;;;CAPRI SUN BERRIES 40X0.20L;;
ART0379;CAPRI SUN MULTI VITAMIN 4 X10;;BOISSON;;11.5000;13.2000;6.0000;13.9900;0;;;CAPRI SUN MULTI VITAMIN 4 X10;;
ART0380;CAPRI SUN ORANGE 4 X10;;BOISSON;;11.5000;13.2000;6.0000;13.9900;0;;;CAPRI SUN ORANGE 4 X10;;
ART0381;CAPRI SUN SAFARI 4 X10;;BOISSON;;11.5000;13.2000;6.0000;13.9900;0;;;CAPRI SUN SAFARI 4 X10;;
ART0411;FRICANDELLE MAISON HELAL 40 P VAN REUSEL;;SNACK;;11.5000;13.2000;6.0000;13.9900;0;;;FRICANDELLE MAISON HELAL 40 P VAN REUSEL;;
ART0396;COLA TURKA 24 X33CL;;BOISSON;;11.1000;13.7000;6.0000;14.5220;0;;;COLA TURKA 24 X33CL;;
ART0359;ALGÉRIENNE OZ FOOD 3 L;;SNACK;;10.6000;12.2000;6.0000;12.9300;0;;;ALGÉRIENNE OZ FOOD 3 L;;
ART0486;SEL EN PORTION INDIVIDUEL 2000 PIECES;;SNACK;;10.3000;11.8000;6.0000;12.5100;0;;;SEL EN PORTION INDIVIDUEL 2000 PIECES;;
ART0446;MUCHACHO HALAL 20 X 140G;;SNACK;;10.2000;11.7000;6.0000;12.4000;0;;;MUCHACHO HALAL 20 X 140G;;
ART0426;HEMDRAAGTAS 25+12+45CM (50MC BIO;;EMBALLAGE;;10.0000;11.5000;21.0000;13.9200;0;;;HEMDRAAGTAS 25+12+45CM (50MC BIO;;
ART0470;PR MIDI BLACK LABEL;;EMBALLAGE;;10.0000;11.5000;21.0000;13.9200;0;;;PR MIDI BLACK LABEL;;
ART0497;TARTARE 3 LIT ANDA;;SNACK;;9.9000;11.4000;6.0000;12.0800;0;;;TARTARE 3 LIT ANDA;;
ART0437;KARTON BAKIES F4 250ST;;EMBALLAGE;;9.0000;10.4000;21.0000;12.5800;0;;;KARTON BAKIES F4 250ST;;
ART0409;FETA GREEK SYRTOS 1KG;;SNACK;;8.9000;10.2000;6.0000;10.8100;0;;;FETA GREEK SYRTOS 1KG;;
ART0510;VINAIGRETTE CIBOULETTE 2 LIT ANDA;;SNACK;;8.8000;10.1000;6.0000;10.7100;0;;;VINAIGRETTE CIBOULETTE 2 LIT ANDA;;
ART0420;HAMBURGER POULET HALAL 30X100GR OZFOOD;;SNACK;;8.6000;9.9000;6.0000;10.4900;0;;;HAMBURGER POULET HALAL 30X100GR OZFOOD;;
ART0405;FANTA EXOTIC 4 X1.5L;;BOISSON;;8.5000;9.8000;6.0000;10.3900;0;;;FANTA EXOTIC 4 X1.5L;;
ART0406;FANTA LEMON 4 X1.5L;;BOISSON;;8.5000;9.8000;6.0000;10.3900;0;;;FANTA LEMON 4 X1.5L;;
ART0436;KARTON BAKIES F2-711 250ST;;EMBALLAGE;;7.5000;8.6000;21.0000;10.4100;0;;;KARTON BAKIES F2-711 250ST;;
ART0454;ORANGINA 24X0.33L;;BOISSON;;7.0000;14.8000;6.0000;15.6880;0;;;ORANGINA 24X0.33L;;
ART0371;BICKY DRESSING JAUNE TUBE 1 KG;;SNACK;;6.7000;7.7000;6.0000;8.1600;0;;;BICKY DRESSING JAUNE TUBE 1 KG;;
ART0403;FALAFEL MISTER 1150 GR SOUS VIDE;;SNACK;;6.6000;7.6000;6.0000;8.0600;0;;;FALAFEL MISTER 1150 GR SOUS VIDE;;
ART0447;NUGGETS HALAL 1 KG FOSTER;;SNACK;;6.4000;7.4000;6.0000;7.8400;0;;;NUGGETS HALAL 1 KG FOSTER;;
ART0500;TENDERS PIQUANT;;SNACK;;6.4000;7.4000;6.0000;7.8400;0;;;TENDERS PIQUANT;;
ART0499;TENDERS NATURE;;SNACK;;6.3000;7.2000;6.0000;7.6300;0;;;TENDERS NATURE;;
ART0456;PAIN HAMBURGER NUMBER ONE 24 X 82G;;SNACK;;6.2000;7.1000;6.0000;7.5300;0;;;PAIN HAMBURGER NUMBER ONE 24 X 82G;;
ART0435;KARTON BAKIES F0;;EMBALLAGE;;6.0000;6.9000;21.0000;8.3500;0;;;KARTON BAKIES F0;;
ART0370;AYRAN BARDAK 20 X 250 ML OZFOOD;;SNACK;;5.9000;6.8000;6.0000;7.2100;0;;;AYRAN BARDAK 20 X 250 ML OZFOOD;;
ART0448;NUGGY MEKKAFOOD;;SNACK;;5.6000;6.4000;6.0000;6.7800;0;;;NUGGY MEKKAFOOD;;
ART0387;CHICKENBURGERSAUS TUBE ANDA 1L;;SNACK;;5.3000;6.1000;6.0000;6.4700;0;;;CHICKENBURGERSAUS TUBE ANDA 1L;;
ART0404;FALAFEL MISTER 1KG;;SNACK;;5.2000;6.0000;6.0000;6.3600;0;;;FALAFEL MISTER 1KG;;
ART0365;AMERICAINE EXTRA TUBE 1L ANDA;;SNACK;;5.1000;5.9000;6.0000;6.2500;0;;;AMERICAINE EXTRA TUBE 1L ANDA;;
ART0394;COCKTAIL HALAL TUBE 1L ANDA;;SNACK;;5.0000;5.8000;6.0000;6.1500;0;;;COCKTAIL HALAL TUBE 1L ANDA;;
ART0498;TARTARE MAISON TUBE ANDA 1L;;SNACK;;4.2000;4.8000;6.0000;5.0900;0;;;TARTARE MAISON TUBE ANDA 1L;;
ART0444;MAIS EN GRAINS DIADEM 3L;;SNACK;;4.0000;4.6000;6.0000;4.8800;0;;;MAIS EN GRAINS DIADEM 3L;;
ART0445;MAYONNAISE 80% TUBE 1L ANDA;;SNACK;;3.9000;4.5000;6.0000;4.7700;0;;;MAYONNAISE 80% TUBE 1L ANDA;;
ART0373;BLACK JACK SMOKEY BBQ 800ML;;SNACK;;3.5000;4.0000;6.0000;4.2400;0;;;BLACK JACK SMOKEY BBQ 800ML;;
ART0825;CREME FRESHLI 20%;;SNACK;;0.3200;3.3500;6.0000;3.5510;0;;;CREME FRESHLI 20%;;
ART0827;HUILE FRITURE 10L;;SNACK;;1.5000;1.6500;6.0000;1.7500;0;;;HUILE FRITURE 10L;;
ART1460;COMBI TADAL FROMAGE;;SNACK;;2.8900;3.1800;6.0000;3.3700;0;;;COMBI TADAL FROMAGE;;
ART1461;COCA COLA ZERO 30 X0.33L;;BOISSON;;19.0000;20.9000;6.0000;22.1540;0;;;COCA COLA ZERO 30 X0.33L;;
ART1462;PILI PLI SAUS 9.8KG;;SNACK;;14.2300;15.6530;6.0000;16.5922;0;;;PILI PLI SAUS 9.8KG;;
ART1463;FRITE 10/10 XTRA CRISPY;;SNACK;;17.9900;18.8895;6.0000;20.0229;0;;;FRITE 10/10 XTRA CRISPY;;
ART1471;CECEMEL 24X0.25L;;BOISSON;;0;25.3000;6.0000;26.8180;0;;;CECEMEL 24X0.25L;;
ART1472;SIMON LIFE MANDARINE 24X0.25L;;BOISSON;;0;13.0000;6.0000;13.7800;0;;;SIMON LIFE MANDARINE 24X0.25L;;
ART1480;COCA COLA DK 24x0.33L;;BOISSON;;0;14.5000;6.0000;15.3700;0;;;COCA COLA DK 24x0.33L;;
ART1481;COCA ZERO DK 24x0.33L;;BOISSON;;0;14.5000;6.0000;15.3700;0;;;COCA ZERO DK 24x0.33L;;
ART1482;FANTA KIWI DK 24x0.33L;;BOISSON;;0;14.5000;6.0000;15.3700;0;;;FANTA KIWI DK 24x0.33L;;
ART1483;FANTA LEMON DK 24x0.33L;;BOISSON;;0;14.5000;6.0000;15.3700;0;;;FANTA LEMON DK 24x0.33L;;
ART1484;FANTA ORANGE DK 24x0.33L;;BOISSON;;0;14.5000;6.0000;15.3700;0;;;FANTA ORANGE DK 24x0.33L;;
ART1485;FANTA EXOTIC DK 24x.33L;;BOISSON;;0;14.5000;6.0000;15.3700;0;;;FANTA EXOTIC DK 24x.33L;;
ART1510;COCA COLA 4x1,5L;;BOISSON;;8.1900;6.8000;6.0000;7.2080;0;;;COCA COLA 4x1,5L;;
ART1511;FANTA 4X1,5L;;BOISSON;;8.1900;9.0090;6.0000;9.5495;0;;;FANTA 4X1,5L;;
ART1512;EVIAN 6X1,5L;;BOISSON;;4.5900;5.3000;6.0000;5.6180;0;;;EVIAN 6X1,5L;;
ART1513;COCA COLA 24X0.33L;;BOISSON;;14.5000;16.7000;6.0000;17.7020;0;;;COCA COLA 24X0.33L;;
ART1514;COCA ZERO 24X0.33L;;BOISSON;;14.5000;16.7000;6.0000;17.7020;0;;;COCA ZERO 24X0.33L;;
ART1515;COCA ZERO 4x1,5L;;BOISSON;;8.1900;9.0090;6.0000;9.5495;0;;;COCA ZERO 4x1,5L;;
ART1516;SPA REINE 8X1.50L;;BOISSON;;12.5000;7.8000;6.0000;8.2680;0;;;SPA REINE 8X1.50L;;
ART1517;REDBULL 24X0.25l;;BOISSON;;20.5400;26.0500;6.0000;27.6130;0;;;REDBULL 24X0.25l;;
ART1518;EVIAN  24x0,5L;;BOISSON;;12.0000;12.0000;6.0000;12.7200;0;;;EVIAN  24x0,5L;;
ART1519;MIRINDA FRAISE 24X0.33L;;BOISSON;;12.0000;12.0000;6.0000;12.7200;0;;;MIRINDA FRAISE 24X0.33L;;
ART1520;MIRINDA ORANGE 24X0.33L;;BOISSON;;0;12.0000;6.0000;12.7200;0;;;MIRINDA ORANGE 24X0.33L;;
ART1521;THON NATURE 1700GR;;SNACK;;0;10.8000;6.0000;11.4480;0;;;THON NATURE 1700GR;;
ART1522;REDBULL VANILLE 24X0.25l;;BOISSON;;0;32.0000;6.0000;33.9200;0;;;REDBULL VANILLE 24X0.25l;;
ART1523;REDBULL PECHE 24X0.25l;;BOISSON;;0;32.0000;6.0000;33.9200;0;;;REDBULL PECHE 24X0.25l;;
ART1524;REDBULL CACTUS 24X0.25l;;BOISSON;;0;32.0000;6.0000;33.9200;0;;;REDBULL CACTUS 24X0.25l;;
ART1525;OLIVE COUPEE 7K;;SNACK;;0;27.0000;6.0000;28.6200;0;;;OLIVE COUPEE 7K;;
ART1526;OLIVE BARBECUE 7K;;SNACK;;0;24.0000;6.0000;25.4400;0;;;OLIVE BARBECUE 7K;;
ART1527;SAUCE TOMATE TRIA 6X3K;;SNACK;;0;30.0000;6.0000;31.8000;0;;;SAUCE TOMATE TRIA 6X3K;;
ART1528;BETTRAVE 3X4K;;SNACK;;0;25.5000;6.0000;27.0300;0;;;BETTRAVE 3X4K;;
ART1529;FARINE 25K;;SNACK;;0;20.0000;6.0000;21.2000;0;;;FARINE 25K;;
ART1530;CHEPELURE PAPRIKA 10K;;SNACK;;0;50.0000;6.0000;53.0000;0;;;CHEPELURE PAPRIKA 10K;;
ART1531;POULET MIX 12K;;SNACK;;0;76.0000;6.0000;80.5600;0;;;POULET MIX 12K;;
ART1532;7UP 24X0.33L;;BOISSON;;0;12.0000;6.0000;12.7200;0;;;7UP 24X0.33L;;
ART1533;FANTA EXOTIC  24x.33L;;BOISSON;;0;14.5000;6.0000;15.3700;0;;;FANTA EXOTIC  24x.33L;;
ART1534;FANTA LEMON  24x0.33L;;BOISSON;;0;14.5000;6.0000;15.3700;0;;;FANTA LEMON  24x0.33L;;
ART1535;RAVIER A FRITTE 955;;EMBALLAGE;;0;5.3000;21.0000;6.4130;0;;;RAVIER A FRITTE 955;;
